term_normalized,predicted_category,best_score
'gourmet' indian cuisine,food,0.823167
abby's treasure,food,0.823167
actors,ambience,3.308594
aesthetics,ambience,3.308594
after dinner drinks,price,4.428888
aisle,ambience,3.308594
ala carte,anecdotes/miscellaneous,3.397861
all you can eat deal,price,4.428888
ambiance,ambience,2.986666
ambience,ambience,3.115949
american chinese food,food,0.823167
amuse bouche,service,2.376533
angry lobster,food,0.823167
anti-pasta,food,0.823167
antipasti,food,0.823167
apetizers,food,0.823167
appetizer,food,0.40813
appetizer platter,anecdotes/miscellaneous,3.397861
appetizers,price,1.728448
appitizers,food,0.823167
apple tarte tatin,food,0.823167
apples,food,0.823167
apppetizers,food,0.823167
apps,service,2.376533
architecture,ambience,3.308594
area,service,2.376533
argentinian pizza,food,0.823167
asian appetizers,food,0.823167
assorted sashimi,food,0.823167
assortment of fish,food,0.823167
assortment of fresh mushrooms and vegetables,food,0.823167
at moshphere,ambience,3.308594
atmorphere,ambience,3.308594
atmoshere,ambience,3.308594
atmosphere,ambience,3.221131
atomosphere,ambience,3.308594
attitude,service,2.376533
attitudes,ambience,3.308594
avocado,food,0.823167
baby pizzas,anecdotes/miscellaneous,2.397861
back garden,ambience,3.308594
back garden sitting area,ambience,3.308594
back patio,ambience,3.308594
bacon,food,0.823167
bacos,food,0.823167
bagel,price,0.728448
bagel with lox spread,food,0.823167
bagels,food,0.436144
bagles,food,0.823167
banana tempura,food,0.823167
banana tower,food,0.823167
bannan fritter,anecdotes/miscellaneous,3.397861
bar,anecdotes/miscellaneous,1.347235
bar food,food,0.823167
bar scene,anecdotes/miscellaneous,2.397861
bar service,service,2.376533
barbecued codfish,food,0.823167
barebecued salmon,food,0.823167
bartender,service,1.376533
bartenders,service,2.376533
basic dishes,food,0.823167
basil,food,0.823167
basmati rice dish,food,0.823167
bathrooms,ambience,3.308594
bbq ribs,food,0.823167
bbq salmon,food,0.823167
beans on toast,food,0.823167
beef,food,0.823167
beef cube on rice,food,0.823167
beef cubes,food,0.823167
beef noodle soup,food,0.823167
beef version,food,0.823167
beer,price,1.621533
beer selection,food,0.823167
beers,food,0.40813
beginning appetizers,food,0.823167
beverage manager,service,2.376533
beverage selections,food,0.823167
beverages,food,0.823167
bhelpuri,food,0.823167
bill,price,3.428888
bills,price,4.428888
bistro fare,food,0.823167
bistro-type vibe,ambience,3.308594
black cod with yuzu sauce,food,0.823167
black white shakes,food,0.823167
blue cheese,food,0.823167
blue fin torro fatty tuna ,food,0.823167
blue point oysters,price,4.428888
bombay beer,food,0.823167
bombay cosmopolitan,food,0.823167
bombay style chaat,food,0.823167
botle of wine,price,4.428888
boton shrimp,food,0.823167
bottle,price,4.428888
bottle of sake,food,0.823167
bottle of wine,price,2.843926
braised lamb shank in red wine,food,0.823167
brassiere food,food,0.823167
bread,food,0.600775
breads,food,0.823167
brioche and lollies,food,0.823167
broth with noodles,food,0.823167
brunch,anecdotes/miscellaneous,2.397861
bruscetta,food,0.823167
bruschetta,food,0.823167
bruschettas,food,0.823167
buffet,food,0.823167
bun,food,0.823167
buns,food,0.823167
burger,food,0.823167
busboy,service,2.376533
business dinner,anecdotes/miscellaneous,3.397861
butter,food,0.823167
buttery and tender langostine entree,food,0.823167
cakebread cabernet,food,0.823167
calamari,food,0.823167
calzones,food,0.823167
canned vegetables,food,0.823167
cantonese,food,0.823167
caprese salad,food,0.823167
caprese salad appetizer,anecdotes/miscellaneous,3.397861
care,food,0.823167
cart attendant,service,2.376533
case of snapple,anecdotes/miscellaneous,3.397861
casual dinner,anecdotes/miscellaneous,3.397861
caviar,food,0.823167
ceiling,ambience,2.723631
ceviche mix special ,food,0.823167
chai,food,0.823167
chai tea,food,0.823167
champagne,food,0.823167
change mojito,food,0.823167
check,service,2.376533
cheescake,food,0.823167
cheese,food,0.501239
cheese fondue,food,0.823167
cheese sticks,anecdotes/miscellaneous,3.397861
cheeseburgers,food,0.823167
cheesecake,food,0.823167
chef,anecdotes/miscellaneous,0.812899
chef app,food,0.823167
cheff,food,0.823167
chefs,anecdotes/miscellaneous,3.397861
chicken,food,0.823167
chicken casserole,food,0.823167
chicken in curry sauc,food,0.823167
chicken on rice with ginger,food,0.823167
chicken pad tai,food,0.823167
chicken parm,food,0.823167
chicken teriyaki dish,food,0.823167
chicken tikka,food,0.823167
chicken tikka masala,food,0.823167
chicken tikka-masala,food,0.823167
chicken vindaloo,food,0.823167
chicken with black bean sauce,food,0.823167
chicken with cashew nuts,food,0.823167
chicken with chili and lemon grass,food,0.823167
chicken with garlic sauce,food,0.823167
chicken with portobello mushrooms,food,0.823167
chinese food,anecdotes/miscellaneous,1.812899
chips,price,4.428888
chocolate,anecdotes/miscellaneous,3.397861
chocolate bread pudding,food,0.823167
chocolate mud cake warmed ,food,0.823167
chocolate sampler,price,3.428888
chocolate souffle with rasberry mint sorbet,food,0.823167
choices per course,food,0.823167
chole,food,0.823167
chopsticks,food,0.823167
chow fun and chow see,food,0.823167
christmas dinner,anecdotes/miscellaneous,3.397861
chu chu curry,food,0.823167
clams oreganta,food,0.823167
club soda filled with ice no lime,service,2.376533
coat check girls,service,2.376533
coconut rice,food,0.823167
cod,food,0.823167
cod with paella,food,0.823167
coffee,food,0.823167
cold appetizer dishes,food,0.823167
cold lobster salad,food,0.823167
cold udon,food,0.823167
cole slaw,food,0.823167
comfort food,food,0.823167
congee,price,3.428888
congee rice porridge ,food,0.823167
cook,food,0.823167
cooked,food,0.823167
cooking,food,0.823167
corned beef,food,0.823167
corned beef sandwich,food,0.823167
corner booth table,ambience,3.308594
corriander,ambience,3.308594
corridor,ambience,3.308594
cost,price,3.843926
counter,ambience,3.308594
counter service,service,2.376533
counters,ambience,3.308594
course,price,3.428888
courses,food,0.823167
crab cakes,food,0.823167
crab cocktail,food,0.823167
crab dumplings,food,0.823167
crabmeat,food,0.823167
crabmeat lasagna,food,0.823167
crackling calamari salad,food,0.823167
crawfish boiled,food,0.823167
cream cheese,food,0.823167
cream cheeses,food,0.823167
creme brulee,food,0.823167
crew,service,2.376533
crispy chicken,food,0.823167
crispy duck,food,0.823167
crowd,anecdotes/miscellaneous,2.397861
crowds,anecdotes/miscellaneous,3.397861
crunchy tuna,food,0.823167
crust,food,0.823167
cuisine,anecdotes/miscellaneous,1.812899
curry,food,0.823167
curry flavor,food,0.823167
curry sauce,food,0.823167
dal bukhara,food,0.823167
dals,food,0.823167
dance floor,ambience,3.308594
date spot,anecdotes/miscellaneous,3.397861
decor,ambience,3.308594
deep fried skewers,food,0.823167
deli,anecdotes/miscellaneous,3.397861
delicate butternut squash ravioli in a delicious truffle sauce,food,0.823167
delivered,anecdotes/miscellaneous,2.397861
delivery,service,2.376533
delivery guys,service,2.376533
delivery service,service,2.376533
design,ambience,3.308594
dessert,service,0.698461
dessert menu,service,2.376533
dessert wine,price,3.428888
desserts,service,0.569178
desserts with frog jelly,food,0.823167
dhal,food,0.823167
dhosas,food,0.823167
dim sum,food,0.630522
dim sum atmosphere,ambience,3.308594
dim sum dish,food,0.823167
dim sum orders,food,0.823167
dim sum servings,food,0.823167
dine,anecdotes/miscellaneous,3.397861
diners,service,2.376533
dining,anecdotes/miscellaneous,2.397861
dining experience,anecdotes/miscellaneous,3.397861
dining experiences,anecdotes/miscellaneous,3.397861
dining hall,ambience,3.308594
dining room,ambience,3.308594
dining rooms,ambience,3.308594
dinner,anecdotes/miscellaneous,2.620254
dinner location,anecdotes/miscellaneous,3.397861
dinner meeting,anecdotes/miscellaneous,3.397861
dinner menu,food,0.823167
dinner menu to sit,price,4.428888
dinner plates,ambience,3.308594
dinner reservations,ambience,3.308594
dinner special,anecdotes/miscellaneous,2.397861
dinners,anecdotes/miscellaneous,2.397861
dinosaur rolls,food,0.823167
dish,food,0.697636
dishes,food,0.685664
donut like deep fried dough they call ow ley soh,food,0.823167
doors,ambience,3.308594
dosa,price,2.843926
dosa batter,food,0.823167
dosas,food,0.823167
dough,food,0.823167
downstairs lounge,ambience,3.308594
dress cod,ambience,3.308594
dress codes,ambience,3.308594
drink,anecdotes/miscellaneous,1.982824
drink refills,service,2.376533
drinks,price,1.341425
drumsticks over rice,food,0.823167
drunken chicken,food,0.823167
duck breast special,food,0.823167
duck confit,food,0.823167
duck noodles,food,0.823167
dulce de leche gelato,food,0.823167
dumpling,anecdotes/miscellaneous,2.397861
dumpling menu,food,0.823167
dumplings,price,2.10696
eat,price,4.428888
eat family style,food,0.823167
eating,anecdotes/miscellaneous,3.397861
eats,food,0.823167
edamame pureed,food,0.823167
edamames,food,0.823167
eel,anecdotes/miscellaneous,3.397861
egg custards,food,0.823167
egg noodles in the beef broth with shrimp dumplings and slices of bbq roast pork,food,0.823167
eggplant,food,0.823167
eggs,service,1.376533
eggs benedict,food,0.823167
employees,service,2.376533
entertaining,ambience,3.308594
entertainment,ambience,3.308594
entree,price,1.621533
entrees,anecdotes/miscellaneous,0.812899
escargot,food,0.823167
espresso cup filled with chocolate mousse,service,2.376533
establishment,ambience,3.308594
ethnic food,food,0.823167
exotic food,food,0.823167
exotic salad,food,0.823167
expresso,food,0.823167
extra virgnin olive oil,food,0.823167
fast food,food,0.823167
fat,food,0.823167
fatty yellow tail,food,0.823167
filet,food,0.823167
filet mignon,food,0.823167
filet mignon dish,food,0.823167
filet mignon with garlic mash,food,0.823167
filling pasta mains,food,0.823167
fillings,food,0.823167
fish,food,0.730058
fish and chips,food,0.823167
fish dishes,food,0.823167
fish fillet in spicy source,food,0.823167
fish tanks,ambience,3.308594
fish with hot bean source,food,0.823167
flavor,food,0.823167
flavors,food,0.823167
flour,food,0.823167
fluke sashimi,food,0.823167
foie gras terrine with figs,food,0.823167
fondue,food,0.823167
food,food,0.554877
food art,food,0.823167
food options,food,0.823167
food portions,food,0.823167
food quality,food,0.823167
food spot,anecdotes/miscellaneous,3.397861
food suggestions,service,2.376533
foods,food,0.823167
fountain drinks,food,0.823167
french cuisine,food,0.823167
french fare,food,0.823167
french food,food,0.823167
french fries,food,0.823167
french indian fusion,food,0.823167
fresh mozz cheese,food,0.823167
fresh mozzarella,food,0.823167
fresh mozzerella slices,food,0.823167
fresh tomato sauce,food,0.823167
fresh tomatoes,food,0.823167
fried chicken,food,0.823167
fried clams,food,0.823167
fried dumpling,anecdotes/miscellaneous,3.397861
fried dumplings,food,0.823167
fried rice,food,0.823167
fried shrimp,food,0.823167
fried tofu,food,0.823167
fries,food,0.823167
frites,food,0.823167
fromager,service,2.376533
front doors,ambience,3.308594
fruit of the oil,food,0.823167
frying,food,0.823167
fusion of french and indian cooking,food,0.823167
garden terrace,ambience,3.308594
garlic,food,0.823167
garlic mashed potatoes,food,0.823167
garlic naan,food,0.823167
garlic shrimp,food,0.823167
general tao chicken,food,0.823167
getting a table,anecdotes/miscellaneous,2.397861
gigondas,food,0.823167
gin and tonic,service,2.376533
ginger lemonade with vodka,food,0.823167
glass noodles,food,0.823167
glass of leaping lizard,food,0.823167
glass of prosecco,food,0.823167
glass of sangria,food,0.823167
glass of wine,price,2.428888
glasses of champagne,price,4.428888
glasses of water,food,0.823167
glasses of wine,price,4.428888
gnocchi,food,0.823167
gnochi,anecdotes/miscellaneous,2.397861
go go hamburgers,food,0.823167
goat cheese,food,0.823167
godmother pizza,food,0.823167
godmother pizza a sort of traditional flat pizza with an olive oil-brushed crust and less tomato sauce than usual ,food,0.823167
gourmet food,food,0.823167
grapes,service,2.376533
green curry,food,0.823167
green curry dish,food,0.823167
green curry with vegetables,food,0.823167
green salad,food,0.823167
grilled branzino,food,0.823167
grilled cheese,food,0.823167
grilled chicken special with edamame puree,food,0.823167
group dinner,anecdotes/miscellaneous,3.397861
guacamole shrimp appetizer,food,0.823167
guizhou chicken,food,0.823167
gulab jamun,food,0.823167
gulab jamun dessert ,food,0.823167
guy,service,2.376533
half price sushi deal,price,4.428888
half-price saturday night special,anecdotes/miscellaneous,3.397861
hall,ambience,3.308594
hand-crafted beers,food,0.823167
hanger steak,food,0.823167
hanger steak au poivre,food,0.823167
herb mix,food,0.823167
herbs,food,0.823167
hollondaise sauce,food,0.823167
homemade lasagna,food,0.823167
homemade pasta,food,0.823167
horedevous,food,0.823167
host,service,1.79157
hostess,service,2.376533
hosting staff,service,2.376533
hosts,service,2.376533
hot bagel,food,0.823167
hot dogs,food,0.823167
hot pot with seafood,food,0.823167
hot tea,service,2.376533
house champagne,food,0.823167
house salad,food,0.823167
house varities,food,0.823167
house wine,food,0.823167
hummus platter,service,2.376533
hunan chicken,food,0.823167
ice cream,food,0.823167
iceberg,food,0.823167
iced tea,food,0.823167
icing on the cake,food,0.823167
in sandwiches,food,0.823167
in-house lady dj,ambience,3.308594
indian,food,0.823167
indian appetizers,food,0.823167
indian cuisine,food,0.823167
indian fast food,food,0.823167
indian food,food,0.823167
indian restaurant food,food,0.823167
indoor,ambience,3.308594
ingrediants,food,0.823167
ingredients,food,0.823167
insde table,service,2.376533
interior,ambience,3.308594
italian cheese,food,0.823167
italian decor,ambience,3.308594
italian dishes,food,0.823167
italian food,food,0.823167
jalapeno,food,0.823167
jalapeno-lime olive oil,food,0.823167
japanese classic cuisine,food,0.823167
japanese comfort food,food,0.823167
japanese cuisine,food,0.823167
japanese food,anecdotes/miscellaneous,2.397861
japanese tapas,food,0.823167
jazz,ambience,3.308594
jazz bands,ambience,3.308594
jazz nights,ambience,3.308594
jelly fish,food,0.823167
jukebox,ambience,3.308594
kababs,food,0.823167
kalbi,food,0.823167
kamasutra,food,0.823167
kamikaze,food,0.823167
kebabs,food,0.823167
kielbasa,food,0.823167
kinds of beer,food,0.823167
kitchen,service,0.79157
knish,food,0.823167
knishes,food,0.823167
korma,food,0.823167
kosher dills,food,0.823167
lad nar,food,0.823167
ladies,ambience,3.308594
lamb,food,0.823167
lamb chettinad,food,0.823167
lamb chop,food,0.823167
lamb chops,food,0.823167
lamb dishes,food,0.823167
lamb glazed with balsamic vinegar,food,0.823167
lamb meat,food,0.823167
lamb sandwhich,food,0.823167
lamb sausages,food,0.823167
lambchops,food,0.823167
large whole shrimp,food,0.823167
lasagnette appetizer,food,0.823167
lassi,service,2.376533
lava cake dessert,food,0.823167
lawns,ambience,3.308594
lazy susans,ambience,3.308594
lemon,food,0.823167
lemon grass chicken,food,0.823167
lemon salad,food,0.823167
lentil dish,food,0.823167
lettuce,food,0.823167
lime,food,0.823167
lime juice concoction,food,0.823167
line,anecdotes/miscellaneous,3.397861
lines,anecdotes/miscellaneous,3.397861
little dishes,food,0.823167
live entertainment,ambience,3.308594
live music,ambience,3.308594
lobby,service,2.376533
lobby area,service,2.376533
lobster bisque,food,0.823167
lobster ravioli,food,0.823167
lobster sandwich,food,0.823167
lobster teriyaki,food,0.823167
located,ambience,3.308594
location,price,3.428888
look,ambience,3.308594
lotus leaf wrapped rice,service,2.376533
lox,food,0.823167
lox spread,food,0.823167
lunch,anecdotes/miscellaneous,2.574739
lunch buffet,anecdotes/miscellaneous,3.397861
lunch food,food,0.823167
lunch meetings,anecdotes/miscellaneous,3.397861
lunch menu,food,0.823167
lunch special,price,4.428888
lunch specials,food,0.823167
mahi mahi on saffron risotto,food,0.823167
main course,service,1.054605
main courses,food,0.823167
main dining room,ambience,3.308594
main dishes,price,3.428888
main entree,food,0.823167
maine lobster,food,0.823167
maitre,service,2.376533
makhani,food,0.823167
malai kofta,food,0.823167
malai tikka wrap,food,0.823167
man,service,2.376533
management,service,1.79157
manager,service,2.376533
mango chicken,food,0.823167
margarita,food,0.823167
margarite pizza with cold prosciutto and baby arugula on top,food,0.823167
margheritta,food,0.823167
martini,food,0.823167
martinis,food,0.823167
mascarpone with chocolate chip,food,0.823167
mashed potatoes,food,0.823167
mayo,food,0.823167
mayonnaise,food,0.823167
meal,anecdotes/miscellaneous,0.397861
meals,food,0.823167
meat,food,0.823167
meat dishes,food,0.823167
meatballs,food,0.823167
meats,food,0.823167
mediterranean salad,food,0.823167
menu,food,0.588702
menu choices,food,0.823167
menu description,food,0.823167
menu items,anecdotes/miscellaneous,1.812899
menu selections,service,2.376533
mesclun,food,0.823167
mexican food,anecdotes/miscellaneous,3.397861
mimosas,service,2.376533
miso soup,food,0.823167
mix of greens,food,0.823167
mixed drink special,food,0.823167
mixed drinks,food,0.823167
money,price,2.843926
moules,food,0.823167
mozzarella,food,0.823167
msg cooking,food,0.823167
mushroom consomme,food,0.823167
mushroom pizza,food,0.823167
mushroom ravioli,price,4.428888
mushrooms,price,4.428888
music,ambience,3.308594
mussaman curry,food,0.823167
mussel selection,food,0.823167
mussels,food,0.823167
mussels in spicy tomato sauce,food,0.823167
naan,anecdotes/miscellaneous,1.812899
neapolitan fare,food,0.823167
nebbiolo,food,0.823167
new england chowder,food,0.823167
new york bagel,anecdotes/miscellaneous,3.397861
night scene,ambience,3.308594
nightcap,ambience,3.308594
noise,anecdotes/miscellaneous,2.397861
noise level,ambience,2.308594
non-veg selections,food,0.823167
noodle and rices dishes,food,0.823167
noodle dishes,food,0.823167
noodle soup dishes,food,0.823167
noodles,price,2.843926
noodles with ground beef,food,0.823167
nori,food,0.823167
nori-wrapped tuna,food,0.823167
oatmeal,food,0.823167
obv caviar,food,0.823167
octopus salad,food,0.823167
office lunch,anecdotes/miscellaneous,3.397861
oil,anecdotes/miscellaneous,1.812899
okra bindi ,food,0.823167
olive cream cheese,food,0.823167
omelet,food,0.823167
omelletes,food,0.823167
onglet,food,0.823167
onion soup,food,0.823167
onions,food,0.823167
open faced cheese sandwich,service,2.376533
open kitchen,ambience,3.308594
order,service,2.376533
ordering a la carte,food,0.823167
outdoor atmosphere,ambience,3.308594
outdoor seating,ambience,3.308594
outside,service,2.376533
owner,service,1.724456
owners,anecdotes/miscellaneous,2.397861
oyster,anecdotes/miscellaneous,3.397861
oysters,food,0.823167
pad penang,food,0.823167
pad se-ew,food,0.823167
pad see ew,food,0.823167
pad thai,food,0.823167
pad thai chicken,food,0.823167
pakistani food,food,0.823167
palak paneer,food,0.823167
pam's special fried fish,food,0.823167
panang duck,food,0.823167
panchetta,food,0.823167
paneer roll,food,0.823167
panini,food,0.823167
paninis,food,0.823167
paratha bread,food,0.823167
parathas,food,0.823167
parmesean porcini souffle,food,0.823167
pasta,food,0.501239
pasta dishes,food,0.823167
pasta entre'es,food,0.823167
pastas,food,0.823167
pastrami,food,0.823167
pastrami on challah sandwich,food,0.823167
pastrami or corned beef,food,0.823167
pastrami sandwich,food,0.823167
pastrami sandwiches,anecdotes/miscellaneous,3.397861
pastries,food,0.823167
patio,ambience,3.308594
peanut sauce,food,0.823167
pelligrino,food,0.823167
people,service,2.15414
pepper,food,0.823167
pepper powder,food,0.823167
personal herb garden,ambience,3.308594
personal pans,food,0.823167
pesto pizza,food,0.823167
peter's favourite pizza with prosciutto and baby arugula,food,0.823167
pho,food,0.823167
pickels and slaw,price,4.428888
pickles,food,0.823167
pie,food,0.823167
pieces of sushi,food,0.823167
pig feet ginger simmered in black vinegar,food,0.823167
pinot noir,price,4.428888
pistachio ice cream,food,0.823167
pita,service,2.376533
pita bread,food,0.823167
pizza,anecdotes/miscellaneous,1.112459
pizzas,food,0.823167
place,ambience,2.893556
places,food,0.823167
plain cheese slice,food,0.823167
plain pizza,food,0.823167
plain slice,food,0.823167
plastic forks,service,2.376533
plate,food,0.823167
plate of dumplings,anecdotes/miscellaneous,3.397861
plates,service,1.376533
platter,food,0.823167
popcorn topping,food,0.823167
porcini mushroom pasta special,food,0.823167
pork,food,0.823167
pork belly,food,0.823167
pork buns,food,0.823167
pork chop,food,0.823167
pork chops,food,0.823167
pork loin,food,0.823167
portioins,food,0.823167
portion,food,0.823167
portion size,food,0.823167
portion sizes,food,0.823167
portions,food,0.823167
portraits,ambience,3.308594
pot of boiling water,food,0.823167
pot-stickers,food,0.823167
potato,food,0.823167
potato chips,food,0.823167
potato pancakes,food,0.823167
pre-fixe menu,food,0.823167
pre-theater menu,food,0.823167
pre-theatre 3-course dinner,food,0.823167
pre-theatre menu,price,4.428888
presentation,food,0.823167
price,price,4.066318
price category,service,2.376533
price tag,price,4.428888
priced,price,4.165854
prices,price,4.354888
privacy,ambience,3.308594
private room,service,2.376533
prix fix,price,4.428888
prix fixe,food,0.823167
prix fixe lunch,food,0.823167
prix fixe meal,price,4.428888
prix fixe pricing,anecdotes/miscellaneous,3.397861
pub,ambience,3.308594
pub atmosphere,ambience,3.308594
pudding dessert,food,0.823167
puff pastry goat cheese,food,0.823167
pumkin tortelini,food,0.823167
quail,food,0.823167
qualities,food,0.823167
quality,food,0.823167
quality of food,food,0.823167
quality value,anecdotes/miscellaneous,3.397861
quantity,food,0.823167
quasi-thai,food,0.823167
raddichio,food,0.823167
rasamalai,food,0.823167
ravioli,food,0.823167
raw vegatables,food,0.823167
red curry,food,0.823167
red wine,service,2.376533
refleshment,anecdotes/miscellaneous,3.397861
regular menu-fare,food,0.823167
reputation,service,2.376533
reservation,anecdotes/miscellaneous,1.912434
reservation sigh,service,2.376533
reservations,service,1.917101
reuben sandwich,food,0.823167
rice,price,0.521998
rice congee soup,anecdotes/miscellaneous,3.397861
rice dishes,price,3.428888
rice to fish ration,food,0.823167
roast chicken,food,0.823167
roast duck,food,0.823167
roast pork buns,food,0.823167
rock shrimp tempura,food,0.823167
rolls,price,1.621533
roofdeck,ambience,3.308594
room,ambience,2.308594
root vegetables,food,0.823167
rose special roll,food,0.823167
roti,food,0.823167
roti rolls,food,0.823167
round of drinks,service,2.376533
rush,ambience,3.308594
rye bread,food,0.823167
sake,price,2.10696
sake martini,food,0.823167
sake menu,food,0.823167
salad,food,0.823167
salad with a delicious dressing,food,0.823167
salad with perfectly marinated cucumbers and tomatoes with lots of shrimp and basil,food,0.823167
salads,food,0.823167
salmon,food,0.823167
salmon caserole,food,0.823167
salmon dish,food,0.823167
salt pepper shrimps,food,0.823167
samosa chaats,food,0.823167
sandwhiches,food,0.823167
sandwich,service,1.376533
sandwiches,price,4.428888
sangria,anecdotes/miscellaneous,1.812899
santa fe chopped salad,food,0.823167
sardines with biscuits,food,0.823167
sashimi,food,0.823167
sashimi plate,food,0.823167
sauce,food,0.823167
sauce on the pizza,food,0.823167
sauces,food,0.823167
saul,food,0.823167
scallion pancake,food,0.823167
scallion pancakes,food,0.823167
scallop roll,food,0.823167
scallops,food,0.823167
scenery,ambience,3.308594
scents,anecdotes/miscellaneous,3.397861
sea bass,food,0.823167
sea eel,food,0.823167
sea salt,food,0.823167
sea urchin,food,0.823167
seafood,food,0.630522
seafood dishes,food,0.823167
seafood tagliatelle,food,0.823167
seasonal beer,food,0.823167
seasoning,food,0.823167
seat,ambience,3.308594
seated,service,2.376533
seating,ambience,2.986666
seating in the garden,service,2.376533
seats,anecdotes/miscellaneous,1.812899
seaweed,food,0.823167
secret back room,ambience,3.308594
selection,food,0.823167
selection of meats and seafoods,food,0.823167
selection of wine,food,0.823167
seltzer with lime,food,0.823167
semi-private boths,ambience,3.308594
servants,service,2.376533
serve,service,2.376533
served,service,1.528536
server,service,2.376533
servers,service,2.376533
serves,service,2.376533
service,service,2.344471
serving,service,0.79157
servings,food,0.823167
sesame chicken,food,0.823167
setting,ambience,3.308594
sevpuri,food,0.823167
shabu-shabu,food,0.823167
shabu-shabu dinner,food,0.823167
shanghai low mein,food,0.823167
shows,ambience,3.308594
shredded cheese,food,0.823167
shredded squid family style,food,0.823167
shrimp,food,0.823167
shrimp appetizers,food,0.823167
shrimp fritters,food,0.823167
shrimp scampi,food,0.823167
shuizhu fish,food,0.823167
sichuan chef,anecdotes/miscellaneous,3.397861
sichuan food,food,0.823167
sichuan spicy soft shell crab,food,0.823167
sicilian,food,0.823167
side,price,4.428888
sides,food,0.823167
singapore mai fun,food,0.823167
slice,anecdotes/miscellaneous,2.397861
smoked salmon and roe appetizer,food,0.823167
snack foods,food,0.823167
snacking,ambience,3.308594
snapple,price,4.428888
sommelier,service,2.376533
somosas,food,0.823167
soup,price,2.843926
soup for the udon,food,0.823167
soups,food,0.823167
soupy dumplings,food,0.823167
sour spicy soup,food,0.823167
southern indian cuisine,food,0.823167
soy sauce,food,0.823167
space,ambience,3.045559
spaghetti with scallops and shrimp,food,0.823167
special,food,0.823167
special effects,ambience,3.308594
special menu,food,0.823167
specials,service,1.054605
spice,food,0.823167
spice rub,food,0.823167
spices,food,0.823167
spicy ethnic foods,food,0.823167
spicy food,food,0.823167
spicy fried clam rolls,food,0.823167
spicy scallop roll,food,0.823167
spicy tuna,food,0.823167
spicy tuna hand rolls,food,0.823167
spicy tuna roll,food,0.823167
spicy wontons,food,0.823167
spider rolls,food,0.823167
spinach,food,0.823167
spinach mushroom calzone,food,0.823167
spinach ravioli in a light oil and garlic sauce,food,0.823167
spot,ambience,3.308594
spot lights,ambience,3.308594
spreads,food,0.823167
squid,food,0.823167
staff,service,2.302532
staff member,service,2.376533
staples,food,0.823167
stauff,ambience,3.308594
steak,food,0.823167
steak au poivre,food,0.823167
steak dish,food,0.823167
steak tartare,food,0.823167
steak with portobello mushrooms,food,0.823167
steaks,food,0.823167
stir fry blue crab,food,0.823167
strawberry daiquiries,food,0.823167
striped bass,food,0.823167
stuff,service,1.961495
stuffing,food,0.823167
styles of pizza,food,0.823167
sugar,service,1.376533
summer rolls,service,1.376533
surroundings,ambience,3.308594
sushi,price,0.621533
sushi bar,anecdotes/miscellaneous,3.397861
sushi chef,food,0.823167
sushi plate,food,0.823167
sushi rolls,food,0.823167
sushimi cucumber roll,food,0.823167
sweet basil fried tofu,food,0.823167
sweet lassi,food,0.823167
table,service,1.592261
table by the window,anecdotes/miscellaneous,3.397861
table grilling,food,0.823167
table service,service,2.376533
tables,ambience,2.656517
taiwanese food,food,0.823167
take out,price,4.428888
take-out pies,food,0.823167
take-out pizza,food,0.823167
takeout,service,2.376533
takeout menu,food,0.823167
tamarind duck,food,0.823167
tamarind margaritas,food,0.823167
tandoori,food,0.823167
tandoori salmon,food,0.823167
tapas,food,0.823167
taste,food,0.823167
tastes,food,0.823167
taxan,food,0.823167
tea room,ambience,3.308594
tempura dish,food,0.823167
terrace,ambience,3.308594
texture,food,0.823167
thai,food,0.823167
thai cuisine,food,0.823167
thai flavors,food,0.823167
thai food,anecdotes/miscellaneous,0.93843
thai ice tea,food,0.823167
thai noodles with shrimp and chicken and coconut juice,food,0.823167
thai popcorn,food,0.823167
thia food,anecdotes/miscellaneous,3.397861
thin crusted pizza,food,0.823167
thin-crust pizza,food,0.823167
three course meal,price,3.428888
times square cocktail,food,0.823167
tip,price,2.10696
tips,service,2.376533
tiramisu,food,0.823167
tiramisu chocolate cake,food,0.823167
toast,food,0.823167
toaster,anecdotes/miscellaneous,2.397861
toasting,food,0.823167
tofu plates,food,0.823167
tom kha soup,food,0.823167
tom yum soup,food,0.823167
tomato sauce,food,0.823167
tomatoes,food,0.823167
tonic,service,2.376533
topping,food,0.823167
toppings,price,2.428888
traditional french decour,ambience,3.308594
traffic noise,ambience,3.308594
tramezzinis,food,0.823167
trays of dim sum,ambience,3.308594
trout,food,0.823167
truffle oil,food,0.823167
tuna,food,0.501239
tuna melt,food,0.823167
tuna sandwich,food,0.823167
tuna tartar appetizer,food,0.823167
tuna tartare,price,4.428888
turkey burger,food,0.823167
turnip cake,food,0.823167
tuscan cuisine,food,0.823167
unda egg rolls,food,0.823167
valentines day dinner,anecdotes/miscellaneous,3.397861
value,anecdotes/miscellaneous,3.397861
value ofr money,price,4.428888
values for your money,price,4.428888
variety of dishes,food,0.823167
variety of fish,food,0.823167
veal parmigana,food,0.823167
vegetable juice,food,0.823167
vegetable samosa,food,0.823167
vegetables,food,0.823167
vegetarian dishes,food,0.823167
vegetarian entree,food,0.823167
vegetarian-friendly choices,food,0.823167
vibe,ambience,3.308594
view,ambience,3.308594
wait,anecdotes/miscellaneous,2.310398
wait staff,service,2.376533
wait time,anecdotes/miscellaneous,2.397861
waiter,service,2.071678
waiter traffic,ambience,3.308594
waiters,service,2.15414
waiting,anecdotes/miscellaneous,1.812899
waiting area,ambience,3.308594
waitress,service,2.087026
waitresses,service,2.376533
waitstaff,service,2.376533
walnuts,food,0.823167
wasabe potatoes,food,0.823167
wasabi,food,0.823167
water,service,1.376533
water and wine glasses,service,2.376533
white bean brushetta,food,0.823167
white chocolate bread pudding with gelato and hot chocolate,food,0.823167
white tuna sashimi,food,0.823167
white wine,food,0.823167
whitefish,food,0.823167
whitefish salad,food,0.823167
whole grilled fish,food,0.823167
wild mushroom third generation-fornini pizza,food,0.823167
wine,price,0.969456
wine by the glass,food,0.823167
wine choices,food,0.823167
wine flight,food,0.823167
wine list,food,0.823167
wine list selection,food,0.823167
wine menu,food,0.823167
wine selection,food,0.823167
wine-by-the-glass,food,0.823167
wines,food,0.823167
wines by the glass,food,0.823167
wintermelon,food,0.823167
workers,service,1.376533
yellowfun tuna,food,0.823167
yellowtail,food,0.823167
zen feel,ambience,3.308594
zucchini,food,0.823167
